{"mode":{"0":"Constrained NMF","1":"Constrained NMF","2":"Constrained NMF","3":"Constrained NMF","4":"Constrained NMF","5":"Constrained NMF","6":"Constrained NMF","7":"Constrained NMF","8":"Constrained NMF","9":"Constrained NMF","10":"Constrained NMF","11":"Constrained NMF","12":"Constrained NMF","13":"Constrained NMF","14":"Constrained NMF","15":"Constrained NMF","16":"Constrained NMF","17":"Constrained NMF","18":"Canonical NMF","19":"Canonical NMF","20":"Canonical NMF","21":"Canonical NMF","22":"Canonical NMF","23":"Canonical NMF","24":"Canonical NMF","25":"Canonical NMF","26":"Canonical NMF","27":"Canonical NMF","28":"Canonical NMF","29":"Canonical NMF","30":"Canonical NMF","31":"Canonical NMF","32":"Canonical NMF","33":"Canonical NMF","34":"Canonical NMF","35":"Canonical NMF"},"rwp":{"0":6.43332861,"1":5.50028476,"2":0.907225371,"3":6.43332861,"4":2.32028204,"5":4.18811814,"6":0.891110759,"7":6.4333286,"8":4.73966926,"9":2.19903819,"10":3.62383935,"11":0.695702802,"12":6.43332861,"13":0.95852093,"14":3.65452589,"15":2.07094599,"16":4.93802534,"17":0.81708076,"18":18.2142202,"19":20.2595937,"20":24.7761539,"21":20.4223153,"22":23.2268405,"23":13.2712362,"24":20.0574691,"25":33.2014822,"26":21.4857131,"27":29.0791013,"28":20.1365145,"29":23.6959378,"30":30.7221367,"31":22.0693903,"32":24.7543509,"33":17.3188149,"34":29.3674736,"35":20.9421383},"Ncomps":{"0":3,"1":3,"2":3,"3":4,"4":4,"5":4,"6":4,"7":5,"8":5,"9":5,"10":5,"11":5,"12":6,"13":6,"14":6,"15":6,"16":6,"17":6,"18":3,"19":3,"20":3,"21":4,"22":4,"23":4,"24":4,"25":5,"26":5,"27":5,"28":5,"29":5,"30":6,"31":6,"32":6,"33":6,"34":6,"35":6}}